{
  "quote_text": "A book is like a garden carried in the pocket.",
  "wpm": 127.409037802145,
  "accuracy": 51.2396694214876,
  "total_keystrokes": 121,
  "correct_keystrokes": 62,
  "error_count": 39,
  "number_row_avg": 0.0,
  "top_row_avg": 143.04545454545453,
  "home_row_avg": 459.14285714285717,
  "bottom_row_avg": 97.96153846153847,
  "finger_stats": {
    "RightIndex": {
      "current": 93.0,
      "avg_10s": 86.66666666666667,
      "avg_60s": 98.0,
      "fastest": 60.0,
      "slowest": 132.0
    },
    "RightRing": {
      "current": 122.0,
      "avg_10s": 119.125,
      "avg_60s": 113.9090909090909,
      "fastest": 67.0,
      "slowest": 163.0
    },
    "LeftMiddle": {
      "current": 59.0,
      "avg_10s": 125.85714285714286,
      "avg_60s": 428.7,
      "fastest": 59.0,
      "slowest": 3164.0
    },
    "LeftRing": {
      "current": 89.0,
      "avg_10s": 460.0,
      "avg_60s": 338.3333333333333,
      "fastest": 89.0,
      "slowest": 831.0
    },
    "RightMiddle": {
      "current": 102.0,
      "avg_10s": 102.0,
      "avg_60s": 102.0,
      "fastest": 102.0,
      "slowest": 102.0
    },
    "LeftPinky": {
      "current": 1061.0,
      "avg_10s": 576.0,
      "avg_60s": 576.0,
      "fastest": 91.0,
      "slowest": 1061.0
    },
    "Thumb": {
      "current": 43.0,
      "avg_10s": 113.33333333333333,
      "avg_60s": 97.95,
      "fastest": 39.0,
      "slowest": 212.0
    },
    "RightPinky": {
      "current": 300.0,
      "avg_10s": 300.0,
      "avg_60s": 300.0,
      "fastest": 300.0,
      "slowest": 300.0
    },
    "LeftIndex": {
      "current": 74.0,
      "avg_10s": 182.125,
      "avg_60s": 166.2,
      "fastest": 59.0,
      "slowest": 711.0
    }
  },
  "key_geometric_averages": {
    "r": 59.5,
    "i": 174.92855684535903,
    "t": 95.0,
    "e": 116.6,
    "l": 131.33333333333334,
    "o": 105.28571428571429,
    " ": 97.95,
    "g": 283.0,
    "w": 831.0,
    "f": 711.0,
    "m": 60.0,
    ".": 122.0,
    "n": 110.66666666666667,
    "v": 74.0,
    "d": 740.8,
    "s": 92.0
  },
  "timestamp": "20250505214546"
}