{
  "quote_text": "If you chase two rabbits, you will catch neither.",
  "wpm": 180.05055898762052,
  "accuracy": 57.391304347826086,
  "total_keystrokes": 115,
  "correct_keystrokes": 66,
  "error_count": 41,
  "number_row_avg": 0.0,
  "top_row_avg": 138.79166666666666,
  "home_row_avg": 196.0,
  "bottom_row_avg": 170.46428571428572,
  "finger_stats": {
    "Thumb": {
      "current": 286.0,
      "avg_10s": 146.9090909090909,
      "avg_60s": 167.21052631578948,
      "fastest": 47.0,
      "slowest": 653.0
    },
    "RightPinky": {
      "current": 303.0,
      "avg_10s": 220.66666666666666,
      "avg_60s": 240.5,
      "fastest": 90.0,
      "slowest": 303.0
    },
    "RightRing": {
      "current": 90.0,
      "avg_10s": 155.66666666666666,
      "avg_60s": 142.5,
      "fastest": 70.0,
      "slowest": 430.0
    },
    "RightIndex": {
      "current": 78.0,
      "avg_10s": 212.88888888888889,
      "avg_60s": 212.88888888888889,
      "fastest": 77.0,
      "slowest": 932.0
    },
    "LeftRing": {
      "current": 239.0,
      "avg_10s": 209.5,
      "avg_60s": 165.33333333333334,
      "fastest": 77.0,
      "slowest": 239.0
    },
    "RightMiddle": {
      "current": 208.0,
      "avg_10s": 206.28571428571428,
      "avg_60s": 206.28571428571428,
      "fastest": 73.0,
      "slowest": 331.0
    },
    "LeftPinky": {
      "current": 87.0,
      "avg_10s": 96.66666666666667,
      "avg_60s": 96.66666666666667,
      "fastest": 80.0,
      "slowest": 123.0
    },
    "LeftMiddle": {
      "current": 165.0,
      "avg_10s": 111.0,
      "avg_60s": 101.14285714285714,
      "fastest": 44.0,
      "slowest": 165.0
    },
    "LeftIndex": {
      "current": 197.0,
      "avg_10s": 119.16666666666667,
      "avg_60s": 119.16666666666667,
      "fastest": 74.0,
      "slowest": 197.0
    }
  },
  "key_geometric_averages": {
    "p": 90.0,
    "a": 96.66666666666667,
    "'": 303.0,
    "k": 169.0,
    "m": 181.0,
    "l": 121.0,
    "s": 158.0,
    "e": 93.2,
    "n": 77.5,
    "t": 97.0,
    "b": 197.0,
    "h": 394.0,
    "d": 121.0,
    "r": 152.0,
    "o": 94.5,
    "y": 125.0,
    ".": 260.0,
    "v": 75.0,
    "u": 136.5,
    ",": 288.0,
    " ": 167.21052631578948,
    "x": 180.0
  },
  "timestamp": "20250505205700"
}