{
  "quote_text": "If you chase two rabbits, you will catch neither.",
  "wpm": 46.5897019760846,
  "accuracy": 65.33333333333333,
  "total_keystrokes": 75,
  "correct_keystrokes": 49,
  "error_count": 26,
  "number_row_avg": 0.0,
  "top_row_avg": 166.5,
  "home_row_avg": 128.72727272727272,
  "bottom_row_avg": 352.5625,
  "finger_stats": {
    "RightRing": {
      "current": 284.0,
      "avg_10s": 220.6,
      "avg_60s": 200.16666666666666,
      "fastest": 59.0,
      "slowest": 479.0
    },
    "LeftMiddle": {
      "current": 105.0,
      "avg_10s": 116.0,
      "avg_60s": 131.66666666666666,
      "fastest": 58.0,
      "slowest": 210.0
    },
    "LeftRing": {
      "current": 165.0,
      "avg_10s": 135.75,
      "avg_60s": 135.75,
      "fastest": 86.0,
      "slowest": 206.0
    },
    "LeftPinky": {
      "current": 91.0,
      "avg_10s": 135.66666666666666,
      "avg_60s": 135.66666666666666,
      "fastest": 91.0,
      "slowest": 183.0
    },
    "Thumb": {
      "current": 149.0,
      "avg_10s": 150.16666666666666,
      "avg_60s": 502.375,
      "fastest": 61.0,
      "slowest": 3057.0
    },
    "LeftIndex": {
      "current": 45.0,
      "avg_10s": 186.25,
      "avg_60s": 179.66666666666666,
      "fastest": 45.0,
      "slowest": 586.0
    },
    "RightPinky": {
      "current": 300.0,
      "avg_10s": 300.0,
      "avg_60s": 300.0,
      "fastest": 300.0,
      "slowest": 300.0
    },
    "RightIndex": {
      "current": 52.0,
      "avg_10s": 115.0,
      "avg_60s": 127.375,
      "fastest": 46.0,
      "slowest": 222.0
    },
    "RightMiddle": {
      "current": 232.0,
      "avg_10s": 206.0,
      "avg_60s": 206.0,
      "fastest": 59.0,
      "slowest": 405.0
    }
  },
  "key_geometric_averages": {
    "f": 127.0,
    " ": 502.375,
    "w": 125.5,
    "n": 151.0,
    "a": 135.66666666666666,
    ".": 284.0,
    "u": 104.5,
    "e": 104.0,
    "y": 175.0,
    ",": 405.0,
    "c": 159.33333333333334,
    "o": 212.0,
    "r": 159.0,
    "i": 204.69489490458722,
    "h": 103.0,
    "t": 217.0,
    "s": 146.0,
    "b": 152.0,
    "l": 140.5
  },
  "timestamp": "20250505211452"
}