{
  "quote_text": "If you chase two rabbits, you will catch neither.",
  "wpm": 51.66649734041227,
  "accuracy": 100.0,
  "total_keystrokes": 49,
  "correct_keystrokes": 49,
  "error_count": 0,
  "number_row_avg": 0.0,
  "top_row_avg": 161.22727272727272,
  "home_row_avg": 179.1818181818182,
  "bottom_row_avg": 187.0625,
  "finger_stats": {
    "RightIndex": {
      "current": 90.0,
      "avg_10s": 116.5,
      "avg_60s": 116.5,
      "fastest": 75.0,
      "slowest": 179.0
    },
    "RightRing": {
      "current": 373.0,
      "avg_10s": 167.83333333333334,
      "avg_60s": 167.83333333333334,
      "fastest": 86.0,
      "slowest": 373.0
    },
    "Thumb": {
      "current": 153.0,
      "avg_10s": 155.125,
      "avg_60s": 155.125,
      "fastest": 76.0,
      "slowest": 255.0
    },
    "RightPinky": {
      "current": 300.0,
      "avg_10s": 300.0,
      "avg_60s": 300.0,
      "fastest": 300.0,
      "slowest": 300.0
    },
    "LeftMiddle": {
      "current": 58.0,
      "avg_10s": 147.0,
      "avg_60s": 147.0,
      "fastest": 58.0,
      "slowest": 255.0
    },
    "LeftIndex": {
      "current": 48.0,
      "avg_10s": 222.66666666666666,
      "avg_60s": 222.66666666666666,
      "fastest": 48.0,
      "slowest": 437.0
    },
    "RightMiddle": {
      "current": 210.0,
      "avg_10s": 153.75,
      "avg_60s": 153.75,
      "fastest": 88.0,
      "slowest": 210.0
    },
    "LeftRing": {
      "current": 147.0,
      "avg_10s": 141.0,
      "avg_60s": 141.0,
      "fastest": 103.0,
      "slowest": 178.0
    },
    "LeftPinky": {
      "current": 371.0,
      "avg_10s": 322.0,
      "avg_60s": 322.0,
      "fastest": 148.0,
      "slowest": 447.0
    }
  },
  "key_geometric_averages": {
    "n": 131.0,
    "b": 300.5,
    "r": 204.5,
    "s": 140.5,
    "h": 101.0,
    "t": 217.25,
    "a": 322.0,
    "e": 129.0,
    "o": 112.66666666666667,
    ".": 373.0,
    ",": 152.0,
    "w": 141.5,
    "c": 165.0,
    " ": 155.125,
    "i": 215.17434791350013,
    "f": 125.0,
    "y": 158.5,
    "u": 90.5,
    "l": 148.0
  },
  "timestamp": "20250505214058"
}