{
  "quote_text": "The quick brown fox jumps over the lazy dog.",
  "wpm": 47.85067725052306,
  "accuracy": 100.0,
  "total_keystrokes": 44,
  "correct_keystrokes": 44,
  "error_count": 0,
  "number_row_avg": 0.0,
  "top_row_avg": 241.5,
  "home_row_avg": 125.1,
  "bottom_row_avg": 151.3125,
  "finger_stats": {
    "Thumb": {
      "current": 149.0,
      "avg_10s": 126.125,
      "avg_60s": 126.125,
      "fastest": 44.0,
      "slowest": 191.0
    },
    "RightIndex": {
      "current": 163.0,
      "avg_10s": 130.875,
      "avg_60s": 130.875,
      "fastest": 73.0,
      "slowest": 196.0
    },
    "LeftMiddle": {
      "current": 195.0,
      "avg_10s": 116.4,
      "avg_60s": 116.4,
      "fastest": 60.0,
      "slowest": 195.0
    },
    "LeftIndex": {
      "current": 105.0,
      "avg_10s": 150.71428571428572,
      "avg_60s": 150.71428571428572,
      "fastest": 90.0,
      "slowest": 286.0
    },
    "RightPinky": {
      "current": 109.0,
      "avg_10s": 204.5,
      "avg_60s": 204.5,
      "fastest": 109.0,
      "slowest": 300.0
    },
    "LeftRing": {
      "current": 145.0,
      "avg_10s": 172.0,
      "avg_60s": 172.0,
      "fastest": 118.0,
      "slowest": 253.0
    },
    "LeftPinky": {
      "current": 211.0,
      "avg_10s": 139.33333333333334,
      "avg_60s": 139.33333333333334,
      "fastest": 75.0,
      "slowest": 211.0
    },
    "RightMiddle": {
      "current": 107.0,
      "avg_10s": 1146.5,
      "avg_60s": 1146.5,
      "fastest": 107.0,
      "slowest": 2186.0
    },
    "RightRing": {
      "current": 122.0,
      "avg_10s": 115.0,
      "avg_60s": 115.0,
      "fastest": 75.0,
      "slowest": 133.0
    }
  },
  "key_geometric_averages": {
    "y": 163.0,
    "x": 253.0,
    "o": 112.5,
    "l": 118.0,
    "m": 196.0,
    "k": 107.0,
    "p": 109.0,
    "q": 132.0,
    "s": 145.0,
    "c": 119.0,
    "a": 75.0,
    "i": 2186.0,
    "n": 89.0,
    "b": 286.0,
    "w": 118.0,
    "u": 137.0,
    "t": 166.1324772583615,
    "z": 211.0,
    ".": 122.0,
    " ": 126.125,
    "r": 127.5,
    "g": 105.0,
    "f": 181.0,
    "v": 136.0,
    "d": 195.0,
    "h": 97.0,
    "j": 131.0,
    "e": 89.33333333333333
  },
  "timestamp": "20250505193236"
}