{
  "quote_text": "The nail that sticks out gets hammered down.",
  "wpm": 41.858016854811154,
  "accuracy": 100.0,
  "total_keystrokes": 44,
  "correct_keystrokes": 44,
  "error_count": 0,
  "number_row_avg": 0.0,
  "top_row_avg": 281.1764705882353,
  "home_row_avg": 126.42857142857143,
  "bottom_row_avg": 219.07692307692307,
  "finger_stats": {
    "LeftPinky": {
      "current": 106.0,
      "avg_10s": 105.33333333333333,
      "avg_60s": 105.33333333333333,
      "fastest": 44.0,
      "slowest": 166.0
    },
    "RightRing": {
      "current": 236.0,
      "avg_10s": 414.75,
      "avg_60s": 414.75,
      "fastest": 73.0,
      "slowest": 1262.0
    },
    "Thumb": {
      "current": 127.0,
      "avg_10s": 109.85714285714286,
      "avg_60s": 109.85714285714286,
      "fastest": 57.0,
      "slowest": 150.0
    },
    "LeftMiddle": {
      "current": 173.0,
      "avg_10s": 348.85714285714283,
      "avg_60s": 348.85714285714283,
      "fastest": 44.0,
      "slowest": 1321.0
    },
    "RightIndex": {
      "current": 58.0,
      "avg_10s": 132.25,
      "avg_60s": 132.25,
      "fastest": 58.0,
      "slowest": 195.0
    },
    "RightMiddle": {
      "current": 131.0,
      "avg_10s": 563.0,
      "avg_60s": 563.0,
      "fastest": 103.0,
      "slowest": 1455.0
    },
    "RightPinky": {
      "current": 300.0,
      "avg_10s": 300.0,
      "avg_60s": 300.0,
      "fastest": 300.0,
      "slowest": 300.0
    },
    "LeftRing": {
      "current": 137.0,
      "avg_10s": 124.5,
      "avg_60s": 124.5,
      "fastest": 104.0,
      "slowest": 137.0
    },
    "LeftIndex": {
      "current": 106.0,
      "avg_10s": 95.28571428571429,
      "avg_60s": 95.28571428571429,
      "fastest": 59.0,
      "slowest": 177.0
    }
  },
  "key_geometric_averages": {
    " ": 109.85714285714286,
    "d": 184.0,
    "g": 89.0,
    "a": 105.33333333333333,
    "l": 73.0,
    "m": 141.0,
    "t": 168.28547174370104,
    "w": 137.0,
    "u": 104.0,
    "e": 188.25,
    ".": 236.0,
    "i": 779.0,
    "n": 120.0,
    "s": 120.33333333333333,
    "r": 106.0,
    "k": 131.0,
    "h": 144.0,
    "c": 1321.0,
    "o": 675.0
  },
  "timestamp": "20250505194341"
}