{
  "quote_text": "Everything flows, nothing stands still.",
  "wpm": 47.430327969840214,
  "accuracy": 91.20879120879121,
  "total_keystrokes": 91,
  "correct_keystrokes": 83,
  "error_count": 8,
  "number_row_avg": 0.0,
  "top_row_avg": 175.375,
  "home_row_avg": 134.16666666666666,
  "bottom_row_avg": 166.40740740740742,
  "finger_stats": {
    "RightRing": {
      "current": 212.0,
      "avg_10s": 194.66666666666666,
      "avg_60s": 167.41666666666666,
      "fastest": 68.0,
      "slowest": 390.0
    },
    "RightPinky": {
      "current": 300.0,
      "avg_10s": 300.0,
      "avg_60s": 230.0,
      "fastest": 90.0,
      "slowest": 300.0
    },
    "LeftRing": {
      "current": 208.0,
      "avg_10s": 157.6,
      "avg_60s": 160.625,
      "fastest": 120.0,
      "slowest": 208.0
    },
    "RightIndex": {
      "current": 120.0,
      "avg_10s": 156.42857142857142,
      "avg_60s": 153.13333333333333,
      "fastest": 90.0,
      "slowest": 373.0
    },
    "Thumb": {
      "current": 168.0,
      "avg_10s": 171.5,
      "avg_60s": 137.91666666666666,
      "fastest": 71.0,
      "slowest": 329.0
    },
    "LeftPinky": {
      "current": 134.0,
      "avg_10s": 134.0,
      "avg_60s": 158.0,
      "fastest": 104.0,
      "slowest": 212.0
    },
    "LeftMiddle": {
      "current": 103.0,
      "avg_10s": 149.0,
      "avg_60s": 131.57142857142858,
      "fastest": 73.0,
      "slowest": 231.0
    },
    "RightMiddle": {
      "current": 121.0,
      "avg_10s": 105.75,
      "avg_60s": 108.16666666666667,
      "fastest": 74.0,
      "slowest": 136.0
    },
    "LeftIndex": {
      "current": 149.0,
      "avg_10s": 221.33333333333334,
      "avg_60s": 199.1875,
      "fastest": 58.0,
      "slowest": 819.0
    }
  },
  "key_geometric_averages": {
    "x": 152.0,
    "c": 104.0,
    "i": 97.5,
    "f": 120.5,
    "h": 106.0,
    "b": 374.0,
    "y": 166.5,
    "z": 212.0,
    "w": 150.5,
    "r": 129.33333333333334,
    "t": 294.85589700733476,
    "d": 167.0,
    "j": 177.0,
    "p": 90.0,
    ",": 136.0,
    "v": 217.5,
    "s": 166.4,
    "k": 123.0,
    "n": 182.6,
    "g": 100.0,
    "m": 181.0,
    "e": 190.3286631067428,
    "q": 182.0,
    "u": 134.5,
    ".": 165.5,
    "a": 119.0,
    "o": 187.83333333333334,
    "l": 137.75,
    " ": 137.91666666666666
  },
  "timestamp": "20250505193633"
}