{
  "quote_text": "Everything flows, nothing stands still.",
  "wpm": 60.26987025121263,
  "accuracy": 100.0,
  "total_keystrokes": 39,
  "correct_keystrokes": 39,
  "error_count": 0,
  "number_row_avg": 0.0,
  "top_row_avg": 200.78571428571428,
  "home_row_avg": 109.14285714285714,
  "bottom_row_avg": 183.63636363636363,
  "finger_stats": {
    "RightIndex": {
      "current": 76.0,
      "avg_10s": 163.14285714285714,
      "avg_60s": 163.14285714285714,
      "fastest": 76.0,
      "slowest": 569.0
    },
    "LeftIndex": {
      "current": 89.0,
      "avg_10s": 241.55555555555554,
      "avg_60s": 241.55555555555554,
      "fastest": 44.0,
      "slowest": 1034.0
    },
    "Thumb": {
      "current": 105.0,
      "avg_10s": 125.0,
      "avg_60s": 125.0,
      "fastest": 105.0,
      "slowest": 164.0
    },
    "LeftPinky": {
      "current": 135.0,
      "avg_10s": 135.0,
      "avg_60s": 135.0,
      "fastest": 135.0,
      "slowest": 135.0
    },
    "RightRing": {
      "current": 258.0,
      "avg_10s": 140.16666666666666,
      "avg_60s": 140.16666666666666,
      "fastest": 14.0,
      "slowest": 258.0
    },
    "LeftRing": {
      "current": 103.0,
      "avg_10s": 110.2,
      "avg_60s": 110.2,
      "fastest": 74.0,
      "slowest": 180.0
    },
    "LeftMiddle": {
      "current": 105.0,
      "avg_10s": 142.5,
      "avg_60s": 142.5,
      "fastest": 105.0,
      "slowest": 180.0
    },
    "RightMiddle": {
      "current": 74.0,
      "avg_10s": 107.75,
      "avg_60s": 107.75,
      "fastest": 74.0,
      "slowest": 180.0
    },
    "RightPinky": {
      "current": 300.0,
      "avg_10s": 300.0,
      "avg_60s": 300.0,
      "fastest": 300.0,
      "slowest": 300.0
    }
  },
  "key_geometric_averages": {
    ".": 258.0,
    "h": 83.5,
    "a": 135.0,
    "e": 232.379000772445,
    "r": 92.0,
    "i": 83.66666666666667,
    "g": 44.5,
    "l": 139.66666666666666,
    "w": 88.0,
    "s": 115.75,
    "v": 240.0,
    "d": 105.0,
    "n": 210.5,
    "o": 82.0,
    "y": 133.0,
    ",": 180.0,
    " ": 125.0,
    "f": 150.0,
    "t": 400.75
  },
  "timestamp": "20250505200102"
}