{
  "quote_text": "It's not a bug, it's an undocumented feature.",
  "wpm": 88.3814115611265,
  "accuracy": 53.84615384615385,
  "total_keystrokes": 104,
  "correct_keystrokes": 56,
  "error_count": 44,
  "number_row_avg": 0.0,
  "top_row_avg": 118.69565217391305,
  "home_row_avg": 134.875,
  "bottom_row_avg": 182.84,
  "finger_stats": {
    "RightIndex": {
      "current": 91.0,
      "avg_10s": 83.8,
      "avg_60s": 83.8,
      "fastest": 57.0,
      "slowest": 105.0
    },
    "LeftRing": {
      "current": 125.0,
      "avg_10s": 181.0,
      "avg_60s": 181.0,
      "fastest": 105.0,
      "slowest": 313.0
    },
    "LeftPinky": {
      "current": 0.0,
      "avg_10s": 0.0,
      "avg_60s": 0.0,
      "fastest": 0.0,
      "slowest": 0.0
    },
    "RightMiddle": {
      "current": 103.0,
      "avg_10s": 109.5,
      "avg_60s": 109.5,
      "fastest": 75.0,
      "slowest": 134.0
    },
    "LeftIndex": {
      "current": 84.0,
      "avg_10s": 227.44444444444446,
      "avg_60s": 227.44444444444446,
      "fastest": 39.0,
      "slowest": 1289.0
    },
    "LeftMiddle": {
      "current": 104.0,
      "avg_10s": 92.88888888888889,
      "avg_60s": 92.88888888888889,
      "fastest": 73.0,
      "slowest": 106.0
    },
    "RightRing": {
      "current": 512.0,
      "avg_10s": 215.42857142857142,
      "avg_60s": 215.42857142857142,
      "fastest": 74.0,
      "slowest": 512.0
    },
    "RightPinky": {
      "current": 328.0,
      "avg_10s": 270.3333333333333,
      "avg_60s": 270.3333333333333,
      "fastest": 183.0,
      "slowest": 328.0
    },
    "Thumb": {
      "current": 104.0,
      "avg_10s": 111.88888888888889,
      "avg_60s": 111.125,
      "fastest": 35.0,
      "slowest": 168.0
    }
  },
  "key_geometric_averages": {
    "d": 102.0,
    "h": 79.33333333333333,
    "n": 76.0,
    "r": 109.0,
    "v": 75.0,
    "w": 125.0,
    "o": 84.66666666666667,
    "s": 209.0,
    "t": 170.85666507338834,
    " ": 111.125,
    ",": 104.5,
    "e": 89.71428571428571,
    "c": 106.0,
    "p": 183.0,
    "m": 105.0,
    "b": 1289.0,
    "l": 160.5,
    ".": 466.5
  },
  "timestamp": "20250505211228"
}