{
  "quote_text": "The early bird might get the worm, but the second mouse gets the cheese.",
  "wpm": 149.9717755061729,
  "accuracy": 43.90243902439025,
  "total_keystrokes": 164,
  "correct_keystrokes": 72,
  "error_count": 48,
  "number_row_avg": 0.0,
  "top_row_avg": 117.88235294117646,
  "home_row_avg": 123.38461538461539,
  "bottom_row_avg": 209.28,
  "finger_stats": {
    "RightPinky": {
      "current": 300.0,
      "avg_10s": 300.0,
      "avg_60s": 300.0,
      "fastest": 300.0,
      "slowest": 300.0
    },
    "RightMiddle": {
      "current": 159.0,
      "avg_10s": 148.2,
      "avg_60s": 148.2,
      "fastest": 88.0,
      "slowest": 241.0
    },
    "Thumb": {
      "current": 60.0,
      "avg_10s": 191.25,
      "avg_60s": 134.0,
      "fastest": 60.0,
      "slowest": 496.0
    },
    "LeftPinky": {
      "current": 150.0,
      "avg_10s": 89.5,
      "avg_60s": 89.5,
      "fastest": 29.0,
      "slowest": 150.0
    },
    "LeftRing": {
      "current": 81.0,
      "avg_10s": 108.33333333333333,
      "avg_60s": 107.4,
      "fastest": 81.0,
      "slowest": 138.0
    },
    "RightIndex": {
      "current": 386.0,
      "avg_10s": 145.2,
      "avg_60s": 142.2,
      "fastest": 44.0,
      "slowest": 386.0
    },
    "LeftIndex": {
      "current": 75.0,
      "avg_10s": 93.0,
      "avg_60s": 133.76923076923077,
      "fastest": 15.0,
      "slowest": 568.0
    },
    "LeftMiddle": {
      "current": 239.0,
      "avg_10s": 175.25,
      "avg_60s": 143.53846153846155,
      "fastest": 44.0,
      "slowest": 391.0
    },
    "RightRing": {
      "current": 1292.0,
      "avg_10s": 522.6666666666666,
      "avg_60s": 231.8,
      "fastest": 44.0,
      "slowest": 1292.0
    }
  },
  "key_geometric_averages": {
    "u": 73.0,
    "e": 153.0,
    "s": 107.4,
    "c": 122.0,
    " ": 134.0,
    "q": 150.0,
    "h": 167.25,
    "i": 95.0,
    "d": 61.0,
    "o": 97.28571428571429,
    ",": 196.0,
    "m": 133.0,
    "t": 160.31219541881399,
    "b": 366.0,
    "r": 87.0,
    ".": 545.6666666666666,
    "g": 149.0,
    "n": 158.0,
    "k": 159.0
  },
  "timestamp": "20250505211743"
}