{
  "quote_text": "The quick brown fox jumps over the lazy dog.",
  "wpm": 248.42291852168503,
  "accuracy": 45.39007092198582,
  "total_keystrokes": 141,
  "correct_keystrokes": 64,
  "error_count": 36,
  "number_row_avg": 0.0,
  "top_row_avg": 152.5,
  "home_row_avg": 113.27272727272727,
  "bottom_row_avg": 129.7741935483871,
  "finger_stats": {
    "LeftRing": {
      "current": 134.0,
      "avg_10s": 120.5,
      "avg_60s": 120.5,
      "fastest": 89.0,
      "slowest": 153.0
    },
    "LeftIndex": {
      "current": 60.0,
      "avg_10s": 140.55555555555554,
      "avg_60s": 140.55555555555554,
      "fastest": 60.0,
      "slowest": 316.0
    },
    "RightMiddle": {
      "current": 539.0,
      "avg_10s": 214.0,
      "avg_60s": 214.0,
      "fastest": 59.0,
      "slowest": 539.0
    },
    "LeftPinky": {
      "current": 121.0,
      "avg_10s": 105.0,
      "avg_60s": 105.0,
      "fastest": 76.0,
      "slowest": 121.0
    },
    "RightPinky": {
      "current": 300.0,
      "avg_10s": 300.0,
      "avg_60s": 300.0,
      "fastest": 300.0,
      "slowest": 300.0
    },
    "Thumb": {
      "current": 166.0,
      "avg_10s": 107.8,
      "avg_60s": 109.34782608695652,
      "fastest": 45.0,
      "slowest": 166.0
    },
    "LeftMiddle": {
      "current": 118.0,
      "avg_10s": 210.16666666666666,
      "avg_60s": 210.16666666666666,
      "fastest": 69.0,
      "slowest": 477.0
    },
    "RightRing": {
      "current": 149.0,
      "avg_10s": 119.0,
      "avg_60s": 119.0,
      "fastest": 75.0,
      "slowest": 166.0
    },
    "RightIndex": {
      "current": 120.0,
      "avg_10s": 114.5,
      "avg_60s": 114.5,
      "fastest": 46.0,
      "slowest": 212.0
    }
  },
  "key_geometric_averages": {
    "y": 188.0,
    " ": 109.34782608695652,
    "s": 121.0,
    "i": 273.4958866235469,
    "u": 67.0,
    "h": 85.33333333333333,
    "r": 188.0,
    "a": 105.0,
    "w": 120.0,
    "l": 149.5,
    ".": 149.0,
    "o": 88.66666666666667,
    "c": 273.6666666666667,
    "f": 134.0,
    "e": 146.66666666666666,
    "b": 140.0,
    ",": 108.0,
    "n": 150.0
  },
  "timestamp": "20250505200541"
}