{
  "quote_text": "To be, or not to be, that is the question.",
  "wpm": 0.0,
  "accuracy": 45.45454545454545,
  "total_keystrokes": 99,
  "correct_keystrokes": 45,
  "error_count": 0,
  "number_row_avg": 0.0,
  "top_row_avg": 307.55555555555554,
  "home_row_avg": 134.1,
  "bottom_row_avg": 276.94117647058823,
  "finger_stats": {
    "LeftRing": {
      "current": 161.0,
      "avg_10s": 141.0,
      "avg_60s": 141.0,
      "fastest": 131.0,
      "slowest": 161.0
    },
    "RightRing": {
      "current": 1066.0,
      "avg_10s": 1066.0,
      "avg_60s": 469.7142857142857,
      "fastest": 75.0,
      "slowest": 1621.0
    },
    "RightIndex": {
      "current": 159.0,
      "avg_10s": 138.75,
      "avg_60s": 138.75,
      "fastest": 26.0,
      "slowest": 211.0
    },
    "LeftMiddle": {
      "current": 239.0,
      "avg_10s": 123.2,
      "avg_60s": 123.2,
      "fastest": 60.0,
      "slowest": 239.0
    },
    "LeftPinky": {
      "current": 167.0,
      "avg_10s": 1166.6666666666667,
      "avg_60s": 1166.6666666666667,
      "fastest": 122.0,
      "slowest": 3211.0
    },
    "RightPinky": {
      "current": 122.0,
      "avg_10s": 211.0,
      "avg_60s": 211.0,
      "fastest": 122.0,
      "slowest": 300.0
    },
    "Thumb": {
      "current": 166.0,
      "avg_10s": 131.0,
      "avg_60s": 131.0,
      "fastest": 60.0,
      "slowest": 204.0
    },
    "LeftIndex": {
      "current": 148.0,
      "avg_10s": 129.28571428571428,
      "avg_60s": 129.28571428571428,
      "fastest": 59.0,
      "slowest": 178.0
    },
    "RightMiddle": {
      "current": 123.0,
      "avg_10s": 136.5,
      "avg_60s": 136.5,
      "fastest": 123.0,
      "slowest": 150.0
    }
  },
  "key_geometric_averages": {
    "u": 170.0,
    ".": 1343.5,
    "x": 131.0,
    "t": 133.04134695650072,
    "b": 164.0,
    "z": 167.0,
    " ": 131.0,
    "o": 131.5,
    "g": 148.0,
    "p": 122.0,
    "w": 131.0,
    "a": 122.0,
    "y": 159.0,
    "f": 147.0,
    "l": 75.0,
    "q": 3211.0,
    "s": 161.0,
    "k": 123.0,
    "d": 239.0,
    "h": 57.5,
    "c": 122.0,
    "m": 181.0,
    "n": 104.0,
    "v": 104.0,
    "j": 211.0,
    "r": 141.5,
    "e": 85.0
  },
  "timestamp": "20250505205126"
}