{
  "quote_text": "The quick brown fox jumps over the lazy dog.",
  "wpm": 60.91139599620714,
  "accuracy": 100.0,
  "total_keystrokes": 44,
  "correct_keystrokes": 44,
  "error_count": 0,
  "number_row_avg": 0.0,
  "top_row_avg": 139.5,
  "home_row_avg": 147.8,
  "bottom_row_avg": 153.25,
  "finger_stats": {
    "RightPinky": {
      "current": 90.0,
      "avg_10s": 195.0,
      "avg_60s": 195.0,
      "fastest": 90.0,
      "slowest": 300.0
    },
    "LeftRing": {
      "current": 164.0,
      "avg_10s": 165.66666666666666,
      "avg_60s": 165.66666666666666,
      "fastest": 152.0,
      "slowest": 181.0
    },
    "LeftPinky": {
      "current": 212.0,
      "avg_10s": 166.0,
      "avg_60s": 166.0,
      "fastest": 104.0,
      "slowest": 212.0
    },
    "Thumb": {
      "current": 117.0,
      "avg_10s": 121.125,
      "avg_60s": 121.125,
      "fastest": 88.0,
      "slowest": 154.0
    },
    "LeftIndex": {
      "current": 180.0,
      "avg_10s": 170.71428571428572,
      "avg_60s": 170.71428571428572,
      "fastest": 76.0,
      "slowest": 374.0
    },
    "RightRing": {
      "current": 119.0,
      "avg_10s": 140.16666666666666,
      "avg_60s": 140.16666666666666,
      "fastest": 68.0,
      "slowest": 299.0
    },
    "LeftMiddle": {
      "current": 231.0,
      "avg_10s": 124.6,
      "avg_60s": 124.6,
      "fastest": 73.0,
      "slowest": 231.0
    },
    "RightMiddle": {
      "current": 123.0,
      "avg_10s": 113.0,
      "avg_60s": 113.0,
      "fastest": 103.0,
      "slowest": 123.0
    },
    "RightIndex": {
      "current": 151.0,
      "avg_10s": 150.25,
      "avg_60s": 150.25,
      "fastest": 90.0,
      "slowest": 193.0
    }
  },
  "key_geometric_averages": {
    "b": 374.0,
    "s": 164.0,
    "p": 90.0,
    "g": 180.0,
    "q": 182.0,
    "w": 181.0,
    "y": 151.0,
    "v": 148.0,
    "h": 115.5,
    "u": 134.5,
    "m": 181.0,
    "c": 104.0,
    ".": 119.0,
    "t": 150.99668870541498,
    "d": 231.0,
    "j": 177.0,
    "o": 143.25,
    " ": 121.125,
    "z": 212.0,
    "e": 96.0,
    "k": 123.0,
    "x": 152.0,
    "a": 104.0,
    "l": 149.0,
    "f": 119.0,
    "i": 103.0,
    "r": 149.0,
    "n": 193.0
  },
  "timestamp": "20250505193610"
}