{
  "quote_text": "Code is like humor. When you have to explain it, it's bad.",
  "wpm": 56.08407633228596,
  "accuracy": 90.625,
  "total_keystrokes": 64,
  "correct_keystrokes": 58,
  "error_count": 6,
  "number_row_avg": 0.0,
  "top_row_avg": 158.375,
  "home_row_avg": 195.5,
  "bottom_row_avg": 201.85,
  "finger_stats": {
    "LeftMiddle": {
      "current": 176.0,
      "avg_10s": 115.8,
      "avg_60s": 113.71428571428571,
      "fastest": 91.0,
      "slowest": 176.0
    },
    "LeftPinky": {
      "current": 91.0,
      "avg_10s": 154.66666666666666,
      "avg_60s": 154.66666666666666,
      "fastest": 91.0,
      "slowest": 243.0
    },
    "RightPinky": {
      "current": 226.0,
      "avg_10s": 243.25,
      "avg_60s": 243.25,
      "fastest": 195.0,
      "slowest": 300.0
    },
    "LeftRing": {
      "current": 657.0,
      "avg_10s": 298.6666666666667,
      "avg_60s": 298.6666666666667,
      "fastest": 75.0,
      "slowest": 657.0
    },
    "LeftIndex": {
      "current": 285.0,
      "avg_10s": 208.66666666666666,
      "avg_60s": 208.66666666666666,
      "fastest": 104.0,
      "slowest": 479.0
    },
    "RightMiddle": {
      "current": 242.0,
      "avg_10s": 167.28571428571428,
      "avg_60s": 167.28571428571428,
      "fastest": 68.0,
      "slowest": 242.0
    },
    "Thumb": {
      "current": 150.0,
      "avg_10s": 230.72727272727272,
      "avg_60s": 230.72727272727272,
      "fastest": 82.0,
      "slowest": 1079.0
    },
    "RightIndex": {
      "current": 74.0,
      "avg_10s": 153.55555555555554,
      "avg_60s": 153.55555555555554,
      "fastest": 74.0,
      "slowest": 235.0
    },
    "RightRing": {
      "current": 106.0,
      "avg_10s": 134.71428571428572,
      "avg_60s": 137.875,
      "fastest": 91.0,
      "slowest": 212.0
    }
  },
  "key_geometric_averages": {
    "x": 164.0,
    "t": 243.33333333333334,
    "v": 105.0,
    "w": 252.0,
    "e": 105.4,
    "h": 197.0,
    "p": 195.0,
    "c": 300.0,
    "o": 123.5,
    "s": 366.0,
    "u": 135.0,
    "i": 153.2,
    "b": 285.0,
    "y": 135.0,
    "l": 145.5,
    "r": 132.0,
    ",": 241.0,
    " ": 230.72727272727272,
    "k": 164.0,
    "m": 228.0,
    "a": 154.66666666666666,
    "n": 79.0,
    "d": 134.5,
    "'": 226.0,
    ".": 159.0
  },
  "timestamp": "20250505203211"
}