{
  "quote_text": "The early bird might get the worm, but the second mouse gets the cheese.",
  "wpm": 48.37621861188654,
  "accuracy": 70.58823529411765,
  "total_keystrokes": 102,
  "correct_keystrokes": 72,
  "error_count": 30,
  "number_row_avg": 0.0,
  "top_row_avg": 151.34375,
  "home_row_avg": 148.47058823529412,
  "bottom_row_avg": 205.8695652173913,
  "finger_stats": {
    "RightRing": {
      "current": 135.0,
      "avg_10s": 135.0,
      "avg_60s": 236.8,
      "fastest": 104.0,
      "slowest": 603.0
    },
    "LeftIndex": {
      "current": 91.0,
      "avg_10s": 98.0,
      "avg_60s": 220.0,
      "fastest": 14.0,
      "slowest": 1616.0
    },
    "LeftRing": {
      "current": 148.0,
      "avg_10s": 168.0,
      "avg_60s": 135.8,
      "fastest": 105.0,
      "slowest": 188.0
    },
    "Thumb": {
      "current": 74.0,
      "avg_10s": 102.66666666666667,
      "avg_60s": 95.15384615384616,
      "fastest": 47.0,
      "slowest": 150.0
    },
    "RightIndex": {
      "current": 90.0,
      "avg_10s": 75.5,
      "avg_60s": 101.23076923076923,
      "fastest": 29.0,
      "slowest": 314.0
    },
    "LeftMiddle": {
      "current": 73.0,
      "avg_10s": 105.16666666666667,
      "avg_60s": 188.5625,
      "fastest": 60.0,
      "slowest": 1408.0
    },
    "RightPinky": {
      "current": 300.0,
      "avg_10s": 300.0,
      "avg_60s": 300.0,
      "fastest": 300.0,
      "slowest": 300.0
    },
    "LeftPinky": {
      "current": 330.0,
      "avg_10s": 330.0,
      "avg_60s": 330.0,
      "fastest": 330.0,
      "slowest": 330.0
    },
    "RightMiddle": {
      "current": 511.0,
      "avg_10s": 246.33333333333334,
      "avg_60s": 246.33333333333334,
      "fastest": 107.0,
      "slowest": 511.0
    }
  },
  "key_geometric_averages": {
    "y": 107.0,
    ",": 511.0,
    "h": 80.0,
    "a": 330.0,
    "i": 114.0,
    " ": 95.15384615384616,
    "g": 95.0,
    "l": 603.0,
    "s": 140.0,
    "n": 29.0,
    "w": 119.0,
    "e": 202.25,
    "d": 133.0,
    "c": 162.0,
    "u": 111.0,
    "b": 1010.5,
    "m": 159.33333333333334,
    "o": 148.66666666666666,
    "t": 171.71404801504823,
    ".": 135.0,
    "r": 102.0
  },
  "timestamp": "20250505193023"
}