{
  "quote_text": "The nail that sticks out gets hammered down.",
  "wpm": 119.42508274516442,
  "accuracy": 53.01204819277109,
  "total_keystrokes": 83,
  "correct_keystrokes": 44,
  "error_count": 39,
  "number_row_avg": 0.0,
  "top_row_avg": 189.5,
  "home_row_avg": 113.6,
  "bottom_row_avg": 175.07692307692307,
  "finger_stats": {
    "LeftIndex": {
      "current": 89.0,
      "avg_10s": 241.55555555555554,
      "avg_60s": 241.55555555555554,
      "fastest": 44.0,
      "slowest": 1034.0
    },
    "LeftMiddle": {
      "current": 176.0,
      "avg_10s": 140.5,
      "avg_60s": 153.66666666666666,
      "fastest": 105.0,
      "slowest": 180.0
    },
    "RightIndex": {
      "current": 47.0,
      "avg_10s": 171.4,
      "avg_60s": 148.625,
      "fastest": 47.0,
      "slowest": 569.0
    },
    "RightMiddle": {
      "current": 74.0,
      "avg_10s": 107.75,
      "avg_60s": 107.75,
      "fastest": 74.0,
      "slowest": 180.0
    },
    "LeftPinky": {
      "current": 135.0,
      "avg_10s": 135.0,
      "avg_60s": 135.0,
      "fastest": 135.0,
      "slowest": 135.0
    },
    "RightPinky": {
      "current": 300.0,
      "avg_10s": 300.0,
      "avg_60s": 300.0,
      "fastest": 300.0,
      "slowest": 300.0
    },
    "Thumb": {
      "current": 105.0,
      "avg_10s": 125.0,
      "avg_60s": 125.0,
      "fastest": 105.0,
      "slowest": 164.0
    },
    "LeftRing": {
      "current": 119.0,
      "avg_10s": 100.5,
      "avg_60s": 111.66666666666667,
      "fastest": 74.0,
      "slowest": 180.0
    },
    "RightRing": {
      "current": 209.0,
      "avg_10s": 141.83333333333334,
      "avg_60s": 144.0,
      "fastest": 14.0,
      "slowest": 258.0
    }
  },
  "key_geometric_averages": {
    "i": 83.66666666666667,
    "a": 135.0,
    "l": 139.66666666666666,
    "o": 88.66666666666667,
    "r": 92.0,
    "s": 115.75,
    ",": 180.0,
    "f": 150.0,
    "n": 177.8,
    ".": 233.5,
    " ": 125.0,
    "v": 240.0,
    "g": 44.5,
    "w": 103.5,
    "e": 232.379000772445,
    "y": 133.0,
    "d": 140.5,
    "h": 83.5
  },
  "timestamp": "20250505200111"
}