{
  "quote_text": "The early bird might get the worm, but the second mouse gets the cheese.",
  "wpm": 85.45346361748187,
  "accuracy": 90.64327485380117,
  "total_keystrokes": 171,
  "correct_keystrokes": 155,
  "error_count": 8,
  "number_row_avg": 0.0,
  "top_row_avg": 161.5,
  "home_row_avg": 132.0,
  "bottom_row_avg": 184.24,
  "finger_stats": {
    "RightIndex": {
      "current": 73.0,
      "avg_10s": 148.75,
      "avg_60s": 150.60714285714286,
      "fastest": 59.0,
      "slowest": 409.0
    },
    "RightRing": {
      "current": 842.0,
      "avg_10s": 318.5,
      "avg_60s": 198.23529411764707,
      "fastest": 68.0,
      "slowest": 842.0
    },
    "LeftMiddle": {
      "current": 208.0,
      "avg_10s": 146.57142857142858,
      "avg_60s": 142.17391304347825,
      "fastest": 59.0,
      "slowest": 373.0
    },
    "RightPinky": {
      "current": 300.0,
      "avg_10s": 300.0,
      "avg_60s": 247.5,
      "fastest": 90.0,
      "slowest": 300.0
    },
    "LeftIndex": {
      "current": 90.0,
      "avg_10s": 159.4,
      "avg_60s": 179.93548387096774,
      "fastest": 46.0,
      "slowest": 819.0
    },
    "LeftRing": {
      "current": 179.0,
      "avg_10s": 146.8,
      "avg_60s": 155.30769230769232,
      "fastest": 91.0,
      "slowest": 238.0
    },
    "LeftPinky": {
      "current": 361.0,
      "avg_10s": 361.0,
      "avg_60s": 198.6,
      "fastest": 104.0,
      "slowest": 361.0
    },
    "RightMiddle": {
      "current": 163.0,
      "avg_10s": 137.33333333333334,
      "avg_60s": 117.88888888888889,
      "fastest": 74.0,
      "slowest": 163.0
    },
    "Thumb": {
      "current": 61.0,
      "avg_10s": 144.25,
      "avg_60s": 138.48,
      "fastest": 44.0,
      "slowest": 839.0
    }
  },
  "key_geometric_averages": {
    ",": 149.5,
    "v": 217.5,
    "w": 179.66666666666666,
    "r": 205.0,
    "x": 152.0,
    "d": 150.75,
    "f": 120.5,
    "j": 177.0,
    "i": 106.5,
    "q": 182.0,
    "z": 212.0,
    "l": 127.6,
    "a": 199.66666666666666,
    "s": 147.55555555555554,
    "b": 255.33333333333334,
    "o": 173.22222222222223,
    "m": 267.5,
    "n": 162.0,
    "g": 113.5,
    "p": 90.0,
    "t": 235.8495283014151,
    "y": 160.66666666666666,
    "h": 102.2,
    ".": 391.0,
    "k": 123.0,
    "u": 123.5,
    " ": 138.48,
    "e": 193.45542122153103,
    "c": 223.66666666666666
  },
  "timestamp": "20250505193657"
}