{
  "quote_text": "A book is like a garden carried in the pocket.",
  "wpm": 202.17523071419805,
  "accuracy": 37.93103448275862,
  "total_keystrokes": 232,
  "correct_keystrokes": 88,
  "error_count": 47,
  "number_row_avg": 0.0,
  "top_row_avg": 158.375,
  "home_row_avg": 195.5,
  "bottom_row_avg": 202.16,
  "finger_stats": {
    "RightRing": {
      "current": 106.0,
      "avg_10s": 134.71428571428572,
      "avg_60s": 137.875,
      "fastest": 91.0,
      "slowest": 212.0
    },
    "LeftIndex": {
      "current": 285.0,
      "avg_10s": 208.66666666666666,
      "avg_60s": 208.66666666666666,
      "fastest": 104.0,
      "slowest": 479.0
    },
    "LeftRing": {
      "current": 657.0,
      "avg_10s": 298.6666666666667,
      "avg_60s": 298.6666666666667,
      "fastest": 75.0,
      "slowest": 657.0
    },
    "LeftPinky": {
      "current": 91.0,
      "avg_10s": 154.66666666666666,
      "avg_60s": 154.66666666666666,
      "fastest": 91.0,
      "slowest": 243.0
    },
    "Thumb": {
      "current": 74.0,
      "avg_10s": 279.0,
      "avg_60s": 209.97560975609755,
      "fastest": 59.0,
      "slowest": 1463.0
    },
    "RightPinky": {
      "current": 226.0,
      "avg_10s": 243.25,
      "avg_60s": 243.25,
      "fastest": 195.0,
      "slowest": 300.0
    },
    "RightIndex": {
      "current": 74.0,
      "avg_10s": 153.55555555555554,
      "avg_60s": 153.55555555555554,
      "fastest": 74.0,
      "slowest": 235.0
    },
    "LeftMiddle": {
      "current": 176.0,
      "avg_10s": 115.8,
      "avg_60s": 113.71428571428571,
      "fastest": 91.0,
      "slowest": 176.0
    },
    "RightMiddle": {
      "current": 242.0,
      "avg_10s": 167.28571428571428,
      "avg_60s": 167.28571428571428,
      "fastest": 68.0,
      "slowest": 242.0
    }
  },
  "key_geometric_averages": {
    "x": 164.0,
    "p": 195.0,
    "d": 134.5,
    "h": 197.0,
    "l": 145.5,
    "r": 132.0,
    "s": 366.0,
    ",": 241.0,
    "v": 105.0,
    "e": 105.4,
    "k": 164.0,
    "o": 123.5,
    "t": 243.33333333333334,
    "'": 226.0,
    "m": 228.0,
    ".": 159.0,
    "y": 135.0,
    " ": 209.97560975609755,
    "b": 285.0,
    "n": 79.0,
    "u": 135.0
  },
  "timestamp": "20250505203246"
}