{
  "quote_text": "If you chase two rabbits, you will catch neither.",
  "wpm": 69.71031282146656,
  "accuracy": 92.45283018867924,
  "total_keystrokes": 53,
  "correct_keystrokes": 49,
  "error_count": 4,
  "number_row_avg": 0.0,
  "top_row_avg": 152.5,
  "home_row_avg": 113.27272727272727,
  "bottom_row_avg": 150.375,
  "finger_stats": {
    "LeftMiddle": {
      "current": 118.0,
      "avg_10s": 210.16666666666666,
      "avg_60s": 210.16666666666666,
      "fastest": 69.0,
      "slowest": 477.0
    },
    "LeftPinky": {
      "current": 121.0,
      "avg_10s": 105.0,
      "avg_60s": 105.0,
      "fastest": 76.0,
      "slowest": 121.0
    },
    "LeftIndex": {
      "current": 60.0,
      "avg_10s": 140.55555555555554,
      "avg_60s": 140.55555555555554,
      "fastest": 60.0,
      "slowest": 316.0
    },
    "RightIndex": {
      "current": 120.0,
      "avg_10s": 114.5,
      "avg_60s": 114.5,
      "fastest": 46.0,
      "slowest": 212.0
    },
    "RightRing": {
      "current": 149.0,
      "avg_10s": 119.0,
      "avg_60s": 119.0,
      "fastest": 75.0,
      "slowest": 166.0
    },
    "LeftRing": {
      "current": 134.0,
      "avg_10s": 120.5,
      "avg_60s": 120.5,
      "fastest": 89.0,
      "slowest": 153.0
    },
    "RightPinky": {
      "current": 300.0,
      "avg_10s": 300.0,
      "avg_60s": 300.0,
      "fastest": 300.0,
      "slowest": 300.0
    },
    "Thumb": {
      "current": 134.0,
      "avg_10s": 112.25,
      "avg_60s": 112.25,
      "fastest": 75.0,
      "slowest": 136.0
    },
    "RightMiddle": {
      "current": 539.0,
      "avg_10s": 214.0,
      "avg_60s": 214.0,
      "fastest": 59.0,
      "slowest": 539.0
    }
  },
  "key_geometric_averages": {
    "a": 105.0,
    "i": 273.4958866235469,
    "f": 134.0,
    "r": 188.0,
    "w": 120.0,
    "y": 188.0,
    ",": 108.0,
    "b": 140.0,
    "u": 67.0,
    "l": 149.5,
    "h": 85.33333333333333,
    "c": 273.6666666666667,
    "s": 121.0,
    "e": 146.66666666666666,
    "n": 150.0,
    ".": 149.0,
    " ": 112.25,
    "o": 88.66666666666667,
    "t": 118.75
  },
  "timestamp": "20250505200528"
}