{
  "quote_text": "First, solve the problem. Then, write the code.",
  "wpm": 41.51413321610793,
  "accuracy": 79.66101694915254,
  "total_keystrokes": 59,
  "correct_keystrokes": 47,
  "error_count": 12,
  "number_row_avg": 0.0,
  "top_row_avg": 192.52173913043478,
  "home_row_avg": 179.0,
  "bottom_row_avg": 214.6875,
  "finger_stats": {
    "LeftPinky": {
      "current": 0.0,
      "avg_10s": 0.0,
      "avg_60s": 0.0,
      "fastest": 0.0,
      "slowest": 0.0
    },
    "RightPinky": {
      "current": 219.0,
      "avg_10s": 226.66666666666666,
      "avg_60s": 226.66666666666666,
      "fastest": 161.0,
      "slowest": 300.0
    },
    "LeftMiddle": {
      "current": 1617.0,
      "avg_10s": 270.22222222222223,
      "avg_60s": 270.22222222222223,
      "fastest": 71.0,
      "slowest": 1617.0
    },
    "RightIndex": {
      "current": 90.0,
      "avg_10s": 174.8,
      "avg_60s": 174.8,
      "fastest": 90.0,
      "slowest": 404.0
    },
    "RightRing": {
      "current": 193.0,
      "avg_10s": 142.42857142857142,
      "avg_60s": 142.42857142857142,
      "fastest": 31.0,
      "slowest": 210.0
    },
    "LeftRing": {
      "current": 207.0,
      "avg_10s": 266.0,
      "avg_60s": 266.0,
      "fastest": 191.0,
      "slowest": 400.0
    },
    "RightMiddle": {
      "current": 105.0,
      "avg_10s": 338.0,
      "avg_60s": 338.0,
      "fastest": 105.0,
      "slowest": 874.0
    },
    "LeftIndex": {
      "current": 92.0,
      "avg_10s": 139.44444444444446,
      "avg_60s": 139.44444444444446,
      "fastest": 90.0,
      "slowest": 226.0
    },
    "Thumb": {
      "current": 76.0,
      "avg_10s": 129.57142857142858,
      "avg_60s": 129.57142857142858,
      "fastest": 60.0,
      "slowest": 212.0
    }
  },
  "key_geometric_averages": {
    "l": 178.5,
    "h": 120.33333333333333,
    "i": 119.0,
    "o": 79.0,
    "p": 161.0,
    "w": 207.0,
    "m": 404.0,
    "n": 109.0,
    "s": 295.5,
    " ": 129.57142857142858,
    "f": 300.0,
    "c": 148.0,
    ".": 201.5,
    "r": 171.66666666666666,
    ",": 557.0,
    "b": 226.0,
    "d": 123.0,
    "v": 124.0,
    "t": 146.12494653549064,
    "e": 308.7142857142857
  },
  "timestamp": "20250505213124"
}