{
  "quote_text": "To be, or not to be, that is the question.",
  "wpm": 70.12689179159585,
  "accuracy": 84.0,
  "total_keystrokes": 50,
  "correct_keystrokes": 42,
  "error_count": 8,
  "number_row_avg": 0.0,
  "top_row_avg": 162.38095238095238,
  "home_row_avg": 95.4,
  "bottom_row_avg": 121.75,
  "finger_stats": {
    "RightPinky": {
      "current": 300.0,
      "avg_10s": 300.0,
      "avg_60s": 300.0,
      "fastest": 300.0,
      "slowest": 300.0
    },
    "LeftRing": {
      "current": 119.0,
      "avg_10s": 119.0,
      "avg_60s": 119.0,
      "fastest": 119.0,
      "slowest": 119.0
    },
    "RightIndex": {
      "current": 132.0,
      "avg_10s": 146.6,
      "avg_60s": 146.6,
      "fastest": 91.0,
      "slowest": 209.0
    },
    "LeftIndex": {
      "current": 45.0,
      "avg_10s": 112.33333333333333,
      "avg_60s": 112.33333333333333,
      "fastest": 45.0,
      "slowest": 211.0
    },
    "LeftPinky": {
      "current": 388.0,
      "avg_10s": 215.5,
      "avg_60s": 215.5,
      "fastest": 43.0,
      "slowest": 388.0
    },
    "Thumb": {
      "current": 60.0,
      "avg_10s": 92.11111111111111,
      "avg_60s": 92.11111111111111,
      "fastest": 43.0,
      "slowest": 194.0
    },
    "RightRing": {
      "current": 137.0,
      "avg_10s": 206.33333333333334,
      "avg_60s": 206.33333333333334,
      "fastest": 73.0,
      "slowest": 628.0
    },
    "RightMiddle": {
      "current": 77.0,
      "avg_10s": 159.25,
      "avg_60s": 159.25,
      "fastest": 77.0,
      "slowest": 244.0
    },
    "LeftMiddle": {
      "current": 89.0,
      "avg_10s": 104.5,
      "avg_60s": 104.5,
      "fastest": 87.0,
      "slowest": 138.0
    }
  },
  "key_geometric_averages": {
    "i": 127.5,
    "n": 164.0,
    ".": 137.0,
    "q": 388.0,
    "t": 175.9261208575918,
    "h": 98.0,
    "r": 120.0,
    "a": 43.0,
    "o": 220.2,
    ",": 191.0,
    " ": 92.11111111111111,
    "u": 209.0,
    "e": 104.5,
    "b": 136.0,
    "s": 119.0
  },
  "timestamp": "20250505200240"
}