{
  "quote_text": "A book is like a garden carried in the pocket.",
  "wpm": 154.87522286012185,
  "accuracy": 51.11111111111111,
  "total_keystrokes": 90,
  "correct_keystrokes": 46,
  "error_count": 42,
  "number_row_avg": 0.0,
  "top_row_avg": 101.69565217391305,
  "home_row_avg": 96.0,
  "bottom_row_avg": 168.47058823529412,
  "finger_stats": {
    "LeftMiddle": {
      "current": 60.0,
      "avg_10s": 92.8,
      "avg_60s": 92.8,
      "fastest": 60.0,
      "slowest": 136.0
    },
    "LeftRing": {
      "current": 105.0,
      "avg_10s": 106.0,
      "avg_60s": 106.0,
      "fastest": 105.0,
      "slowest": 107.0
    },
    "LeftPinky": {
      "current": 150.0,
      "avg_10s": 89.5,
      "avg_60s": 89.5,
      "fastest": 29.0,
      "slowest": 150.0
    },
    "Thumb": {
      "current": 90.0,
      "avg_10s": 108.55555555555556,
      "avg_60s": 108.55555555555556,
      "fastest": 62.0,
      "slowest": 254.0
    },
    "LeftIndex": {
      "current": 45.0,
      "avg_10s": 146.0,
      "avg_60s": 146.0,
      "fastest": 15.0,
      "slowest": 568.0
    },
    "RightPinky": {
      "current": 300.0,
      "avg_10s": 300.0,
      "avg_60s": 300.0,
      "fastest": 300.0,
      "slowest": 300.0
    },
    "RightIndex": {
      "current": 209.0,
      "avg_10s": 139.2,
      "avg_60s": 139.2,
      "fastest": 71.0,
      "slowest": 209.0
    },
    "RightRing": {
      "current": 120.0,
      "avg_10s": 117.66666666666667,
      "avg_60s": 107.14285714285714,
      "fastest": 44.0,
      "slowest": 225.0
    },
    "RightMiddle": {
      "current": 159.0,
      "avg_10s": 148.2,
      "avg_60s": 148.2,
      "fastest": 88.0,
      "slowest": 241.0
    }
  },
  "key_geometric_averages": {
    "n": 209.0,
    "s": 106.0,
    "r": 87.0,
    "t": 165.74507103207796,
    "o": 81.0,
    "b": 366.0,
    " ": 108.55555555555556,
    "h": 88.0,
    "e": 92.8,
    "i": 95.0,
    "k": 159.0,
    "q": 150.0,
    "u": 102.0,
    ",": 196.0,
    ".": 172.5
  },
  "timestamp": "20250505211729"
}