{
  "quote_text": "Everything flows, nothing stands still.",
  "wpm": 48.03340045607611,
  "accuracy": 100.0,
  "total_keystrokes": 39,
  "correct_keystrokes": 39,
  "error_count": 0,
  "number_row_avg": 0.0,
  "top_row_avg": 319.64285714285717,
  "home_row_avg": 125.0,
  "bottom_row_avg": 166.54545454545453,
  "finger_stats": {
    "LeftIndex": {
      "current": 151.0,
      "avg_10s": 348.1111111111111,
      "avg_60s": 348.1111111111111,
      "fastest": 45.0,
      "slowest": 1111.0
    },
    "LeftRing": {
      "current": 132.0,
      "avg_10s": 119.2,
      "avg_60s": 119.2,
      "fastest": 59.0,
      "slowest": 180.0
    },
    "LeftPinky": {
      "current": 106.0,
      "avg_10s": 106.0,
      "avg_60s": 106.0,
      "fastest": 106.0,
      "slowest": 106.0
    },
    "LeftMiddle": {
      "current": 31.0,
      "avg_10s": 65.5,
      "avg_60s": 65.5,
      "fastest": 31.0,
      "slowest": 100.0
    },
    "RightPinky": {
      "current": 300.0,
      "avg_10s": 300.0,
      "avg_60s": 300.0,
      "fastest": 300.0,
      "slowest": 300.0
    },
    "RightRing": {
      "current": 259.0,
      "avg_10s": 149.83333333333334,
      "avg_60s": 149.83333333333334,
      "fastest": 59.0,
      "slowest": 259.0
    },
    "RightIndex": {
      "current": 193.0,
      "avg_10s": 265.7142857142857,
      "avg_60s": 265.7142857142857,
      "fastest": 74.0,
      "slowest": 1048.0
    },
    "RightMiddle": {
      "current": 124.0,
      "avg_10s": 98.0,
      "avg_60s": 98.0,
      "fastest": 57.0,
      "slowest": 135.0
    },
    "Thumb": {
      "current": 119.0,
      "avg_10s": 160.0,
      "avg_60s": 160.0,
      "fastest": 89.0,
      "slowest": 313.0
    }
  },
  "key_geometric_averages": {
    "a": 106.0,
    "o": 106.0,
    "f": 330.0,
    "e": 173.20508075688772,
    "g": 74.0,
    "l": 142.66666666666666,
    "s": 120.0,
    "t": 332.75,
    "w": 116.0,
    "y": 1048.0,
    "n": 146.25,
    ",": 135.0,
    " ": 160.0,
    "h": 113.5,
    ".": 259.0,
    "d": 31.0,
    "r": 1111.0,
    "v": 213.0,
    "i": 85.66666666666667
  },
  "timestamp": "20250505194735"
}