{
  "quote_text": "Everything flows, nothing stands still.",
  "wpm": 54.26274857882084,
  "accuracy": 100.0,
  "total_keystrokes": 39,
  "correct_keystrokes": 39,
  "error_count": 0,
  "number_row_avg": 0.0,
  "top_row_avg": 141.57142857142858,
  "home_row_avg": 199.71428571428572,
  "bottom_row_avg": 189.9090909090909,
  "finger_stats": {
    "LeftIndex": {
      "current": 107.0,
      "avg_10s": 134.0,
      "avg_60s": 134.0,
      "fastest": 45.0,
      "slowest": 238.0
    },
    "LeftMiddle": {
      "current": 90.0,
      "avg_10s": 119.5,
      "avg_60s": 119.5,
      "fastest": 90.0,
      "slowest": 149.0
    },
    "RightPinky": {
      "current": 300.0,
      "avg_10s": 300.0,
      "avg_60s": 300.0,
      "fastest": 300.0,
      "slowest": 300.0
    },
    "LeftPinky": {
      "current": 107.0,
      "avg_10s": 107.0,
      "avg_60s": 107.0,
      "fastest": 107.0,
      "slowest": 107.0
    },
    "RightRing": {
      "current": 735.0,
      "avg_10s": 352.6666666666667,
      "avg_60s": 352.6666666666667,
      "fastest": 104.0,
      "slowest": 781.0
    },
    "RightIndex": {
      "current": 116.0,
      "avg_10s": 139.28571428571428,
      "avg_60s": 139.28571428571428,
      "fastest": 74.0,
      "slowest": 183.0
    },
    "RightMiddle": {
      "current": 103.0,
      "avg_10s": 82.25,
      "avg_60s": 82.25,
      "fastest": 44.0,
      "slowest": 103.0
    },
    "Thumb": {
      "current": 212.0,
      "avg_10s": 127.25,
      "avg_60s": 127.25,
      "fastest": 90.0,
      "slowest": 212.0
    },
    "LeftRing": {
      "current": 85.0,
      "avg_10s": 217.2,
      "avg_60s": 217.2,
      "fastest": 85.0,
      "slowest": 689.0
    }
  },
  "key_geometric_averages": {
    "d": 90.0,
    ",": 92.0,
    " ": 127.25,
    "n": 135.25,
    "f": 149.0,
    "v": 212.0,
    "s": 242.75,
    "o": 128.5,
    "h": 127.0,
    "t": 164.0,
    "l": 374.6666666666667,
    "w": 115.0,
    "g": 50.5,
    ".": 735.0,
    "e": 211.42374511865975,
    "r": 88.0,
    "y": 180.0,
    "i": 79.0,
    "a": 107.0
  },
  "timestamp": "20250505200358"
}