{
  "quote_text": "To be, or not to be, that is the question.",
  "wpm": 42.95719543733585,
  "accuracy": 95.45454545454545,
  "total_keystrokes": 44,
  "correct_keystrokes": 42,
  "error_count": 2,
  "number_row_avg": 0.0,
  "top_row_avg": 106.38095238095238,
  "home_row_avg": 83.4,
  "bottom_row_avg": 171.5,
  "finger_stats": {
    "RightPinky": {
      "current": 300.0,
      "avg_10s": 300.0,
      "avg_60s": 300.0,
      "fastest": 300.0,
      "slowest": 300.0
    },
    "RightRing": {
      "current": 225.0,
      "avg_10s": 105.0,
      "avg_60s": 105.0,
      "fastest": 44.0,
      "slowest": 225.0
    },
    "RightMiddle": {
      "current": 102.0,
      "avg_10s": 145.5,
      "avg_60s": 145.5,
      "fastest": 88.0,
      "slowest": 241.0
    },
    "LeftIndex": {
      "current": 15.0,
      "avg_10s": 157.22222222222223,
      "avg_60s": 157.22222222222223,
      "fastest": 15.0,
      "slowest": 568.0
    },
    "LeftMiddle": {
      "current": 136.0,
      "avg_10s": 101.0,
      "avg_60s": 101.0,
      "fastest": 75.0,
      "slowest": 136.0
    },
    "LeftRing": {
      "current": 105.0,
      "avg_10s": 106.0,
      "avg_60s": 106.0,
      "fastest": 105.0,
      "slowest": 107.0
    },
    "LeftPinky": {
      "current": 150.0,
      "avg_10s": 89.5,
      "avg_60s": 89.5,
      "fastest": 29.0,
      "slowest": 150.0
    },
    "RightIndex": {
      "current": 209.0,
      "avg_10s": 139.2,
      "avg_60s": 139.2,
      "fastest": 71.0,
      "slowest": 209.0
    },
    "Thumb": {
      "current": 90.0,
      "avg_10s": 108.55555555555556,
      "avg_60s": 108.55555555555556,
      "fastest": 62.0,
      "slowest": 254.0
    }
  },
  "key_geometric_averages": {
    "i": 95.0,
    "r": 87.0,
    "s": 106.0,
    ".": 225.0,
    " ": 108.55555555555556,
    "q": 150.0,
    "u": 102.0,
    "a": 29.0,
    "b": 366.0,
    "o": 81.0,
    "t": 172.6267650163207,
    ",": 196.0,
    "n": 209.0,
    "h": 88.0,
    "e": 101.0
  },
  "timestamp": "20250505211722"
}