{
  "quote_text": "It does not do to dwell on dreams and forget to live.",
  "wpm": 56.94404835247149,
  "accuracy": 74.64788732394366,
  "total_keystrokes": 71,
  "correct_keystrokes": 53,
  "error_count": 18,
  "number_row_avg": 0.0,
  "top_row_avg": 128.5909090909091,
  "home_row_avg": 291.14285714285717,
  "bottom_row_avg": 156.23529411764707,
  "finger_stats": {
    "LeftIndex": {
      "current": 89.0,
      "avg_10s": 168.55555555555554,
      "avg_60s": 165.0,
      "fastest": 46.0,
      "slowest": 449.0
    },
    "RightIndex": {
      "current": 89.0,
      "avg_10s": 89.25,
      "avg_60s": 89.25,
      "fastest": 86.0,
      "slowest": 91.0
    },
    "LeftRing": {
      "current": 238.0,
      "avg_10s": 202.33333333333334,
      "avg_60s": 202.33333333333334,
      "fastest": 87.0,
      "slowest": 282.0
    },
    "LeftPinky": {
      "current": 197.0,
      "avg_10s": 151.5,
      "avg_60s": 151.5,
      "fastest": 106.0,
      "slowest": 197.0
    },
    "LeftMiddle": {
      "current": 134.0,
      "avg_10s": 298.3,
      "avg_60s": 298.3,
      "fastest": 75.0,
      "slowest": 1827.0
    },
    "RightRing": {
      "current": 93.0,
      "avg_10s": 103.54545454545455,
      "avg_60s": 103.54545454545455,
      "fastest": 73.0,
      "slowest": 179.0
    },
    "RightPinky": {
      "current": 300.0,
      "avg_10s": 300.0,
      "avg_60s": 300.0,
      "fastest": 300.0,
      "slowest": 300.0
    },
    "RightMiddle": {
      "current": 105.0,
      "avg_10s": 105.0,
      "avg_60s": 105.0,
      "fastest": 105.0,
      "slowest": 105.0
    },
    "Thumb": {
      "current": 105.0,
      "avg_10s": 192.45454545454547,
      "avg_60s": 192.45454545454547,
      "fastest": 61.0,
      "slowest": 1034.0
    }
  },
  "key_geometric_averages": {
    "l": 145.33333333333334,
    "e": 116.0,
    "m": 91.0,
    "n": 88.66666666666667,
    "t": 138.4,
    "g": 160.0,
    "f": 449.0,
    "o": 87.14285714285714,
    "v": 89.0,
    "w": 282.0,
    "r": 130.0,
    ".": 93.0,
    " ": 192.45454545454547,
    "d": 480.6,
    "i": 177.48239349298848,
    "a": 151.5,
    "s": 162.5
  },
  "timestamp": "20250505212106"
}